cliente_id,tipo_cliente,ciudad,grupo,convirtio
C01592,Mayorista,Manta,Control,1
C00944,Minorista,Guayaquil,Tratamiento,1
C00870,Mayorista,Cuenca,Control,0
C00163,Minorista,Guayaquil,Tratamiento,0
C01272,Mayorista,Cuenca,Tratamiento,0
C00071,Minorista,Cuenca,Control,0
C00248,Minorista,Quito,Control,0
C00323,Minorista,Loja,Tratamiento,0
C01660,Minorista,Cuenca,Tratamiento,0
C01005,Mayorista,Guayaquil,Control,0
C01663,Mayorista,Guayaquil,Tratamiento,0
C00910,Minorista,Guayaquil,Tratamiento,0
C01226,Minorista,Guayaquil,Tratamiento,0
C00902,Mayorista,Quito,Tratamiento,1
C00592,Minorista,Quito,Tratamiento,0
C01274,Mayorista,Cuenca,Control,0
C00555,Minorista,Manta,Tratamiento,0
C01062,Mayorista,Guayaquil,Control,1
C00530,Minorista,Cuenca,Tratamiento,1
C01720,Minorista,Quito,Tratamiento,0
C00722,Minorista,Guayaquil,Tratamiento,0
C00562,Minorista,Cuenca,Tratamiento,0
C00539,Minorista,Guayaquil,Control,0
C01254,Minorista,Quito,Tratamiento,0
C00496,Minorista,Quito,Tratamiento,0
C00651,Minorista,Quito,Tratamiento,1
C00716,Minorista,Manta,Control,0
C00531,Minorista,Quito,Tratamiento,1
C01574,Minorista,Quito,Tratamiento,0
C01583,Mayorista,Manta,Tratamiento,0
C01724,Minorista,Quito,Tratamiento,0
C01299,Minorista,Quito,Tratamiento,0
C00472,Mayorista,Guayaquil,Control,1
C01345,Minorista,Guayaquil,Tratamiento,0
C00290,Minorista,Loja,Tratamiento,0
C01562,Minorista,Manta,Tratamiento,0
C01634,Minorista,Quito,Tratamiento,0
C00620,Mayorista,Cuenca,Control,0
C01428,Minorista,Manta,Control,0
C00661,Minorista,Guayaquil,Tratamiento,0
C01487,Minorista,Manta,Tratamiento,1
C01356,Mayorista,Quito,Control,0
C01741,Minorista,Guayaquil,Tratamiento,0
C00353,Minorista,Guayaquil,Tratamiento,0
C00552,Minorista,Cuenca,Tratamiento,0
C00066,Minorista,Quito,Control,0
C01349,Minorista,Loja,Tratamiento,0
C00325,Minorista,Cuenca,Tratamiento,0
C01135,Minorista,Quito,Control,0
C01644,Minorista,Loja,Tratamiento,0
C00252,Minorista,Quito,Tratamiento,0
C01354,Mayorista,Quito,Control,1
C00611,Minorista,Guayaquil,Tratamiento,0
C01371,Minorista,Guayaquil,Control,0
C00679,Minorista,Quito,Tratamiento,0
C01337,Minorista,Guayaquil,Tratamiento,0
C01340,Minorista,Quito,Control,0
C00030,Minorista,Cuenca,Tratamiento,0
C01122,Minorista,Quito,Tratamiento,0
C01710,Mayorista,Guayaquil,Control,0
C00136,Minorista,Cuenca,Tratamiento,0
C00652,Minorista,Guayaquil,Tratamiento,0
C01650,Minorista,Manta,Tratamiento,0
C00681,Minorista,Quito,Tratamiento,0
C01673,Minorista,Loja,Control,0
C01455,Mayorista,Quito,Control,1
C01494,Minorista,Manta,Tratamiento,0
C01311,Minorista,Manta,Tratamiento,0
C00556,Minorista,Quito,Tratamiento,0
C01596,Mayorista,Cuenca,Control,1
C00383,Mayorista,Guayaquil,Control,1
C00174,Mayorista,Quito,Control,1
C00110,Minorista,Guayaquil,Tratamiento,0
C00571,Minorista,Quito,Tratamiento,0
C00536,Minorista,Loja,Tratamiento,0
C01605,Minorista,Manta,Tratamiento,0
C01028,Minorista,Loja,Tratamiento,0
C00865,Minorista,Quito,Tratamiento,0
C00240,Minorista,Manta,Control,0
C00112,Mayorista,Quito,Tratamiento,1
C01661,Mayorista,Guayaquil,Control,0
C00949,Minorista,Guayaquil,Tratamiento,0
C00590,Minorista,Manta,Tratamiento,0
C00818,Minorista,Loja,Tratamiento,0
C00024,Minorista,Guayaquil,Tratamiento,0
C01568,Mayorista,Loja,Control,1
C01790,Minorista,Quito,Tratamiento,0
C01256,Mayorista,Guayaquil,Control,0
C00519,Minorista,Cuenca,Tratamiento,0
C00430,Minorista,Quito,Tratamiento,0
C00655,Minorista,Quito,Tratamiento,0
C00332,Mayorista,Quito,Control,0
C00189,Minorista,Guayaquil,Tratamiento,0
C01726,Minorista,Cuenca,Tratamiento,0
C00384,Minorista,Guayaquil,Tratamiento,1
C00439,Mayorista,Quito,Control,0
C01776,Mayorista,Loja,Control,0
C00591,Minorista,Guayaquil,Control,0
C00211,Minorista,Manta,Tratamiento,0
C00221,Mayorista,Guayaquil,Tratamiento,1
C00204,Minorista,Manta,Tratamiento,0
C00440,Minorista,Loja,Tratamiento,1
C01620,Minorista,Quito,Tratamiento,0
C01518,Mayorista,Quito,Control,0
C01742,Minorista,Loja,Tratamiento,0
C00583,Minorista,Guayaquil,Tratamiento,0
C01734,Minorista,Loja,Control,0
C00484,Minorista,Quito,Tratamiento,0
C01250,Mayorista,Quito,Control,0
C00783,Minorista,Quito,Tratamiento,0
C00482,Minorista,Quito,Control,0
C00515,Mayorista,Cuenca,Control,0
C00950,Minorista,Quito,Control,1
C00969,Mayorista,Cuenca,Control,1
C00612,Mayorista,Cuenca,Control,1
C00803,Minorista,Cuenca,Tratamiento,0
C00528,Minorista,Quito,Tratamiento,0
C00768,Minorista,Quito,Tratamiento,0
C00599,Minorista,Quito,Control,0
C00116,Mayorista,Guayaquil,Control,1
C00507,Minorista,Guayaquil,Tratamiento,1
C00545,Minorista,Manta,Tratamiento,1
C00351,Minorista,Guayaquil,Control,0
C01388,Minorista,Guayaquil,Tratamiento,0
C01718,Mayorista,Cuenca,Tratamiento,1
C01752,Mayorista,Cuenca,Control,0
C01051,Minorista,Guayaquil,Tratamiento,0
C01202,Minorista,Guayaquil,Tratamiento,1
C00276,Minorista,Quito,Tratamiento,1
C00345,Minorista,Cuenca,Control,0
C01777,Minorista,Guayaquil,Control,0
C01217,Minorista,Quito,Control,0
C00711,Minorista,Quito,Tratamiento,1
C00343,Minorista,Manta,Tratamiento,0
C01197,Mayorista,Guayaquil,Tratamiento,0
C00483,Minorista,Guayaquil,Tratamiento,0
C00887,Minorista,Manta,Tratamiento,0
C00333,Minorista,Manta,Control,0
C01166,Minorista,Quito,Tratamiento,0
C00125,Minorista,Guayaquil,Tratamiento,0
C00544,Mayorista,Loja,Tratamiento,0
C01125,Mayorista,Manta,Tratamiento,0
C00050,Minorista,Loja,Tratamiento,0
C01212,Minorista,Cuenca,Tratamiento,0
C00427,Minorista,Quito,Tratamiento,0
C00701,Minorista,Quito,Control,0
C01161,Minorista,Quito,Tratamiento,0
C01778,Minorista,Guayaquil,Tratamiento,0
C00893,Minorista,Quito,Control,0
C01165,Minorista,Quito,Control,0
C01512,Minorista,Manta,Tratamiento,0
C01788,Mayorista,Manta,Tratamiento,1
C01209,Minorista,Quito,Tratamiento,1
C01766,Minorista,Guayaquil,Tratamiento,0
C00234,Minorista,Manta,Tratamiento,0
C00079,Minorista,Quito,Tratamiento,0
C00882,Mayorista,Guayaquil,Control,0
C00615,Minorista,Quito,Tratamiento,0
C00415,Minorista,Manta,Tratamiento,0
C00074,Minorista,Quito,Tratamiento,0
C00621,Mayorista,Cuenca,Control,0
C00070,Minorista,Quito,Tratamiento,0
C01608,Minorista,Cuenca,Control,0
C01319,Minorista,Quito,Control,0
C00786,Minorista,Loja,Tratamiento,0
C00778,Minorista,Quito,Control,0
C01755,Minorista,Guayaquil,Tratamiento,0
C00451,Minorista,Quito,Control,0
C00846,Minorista,Guayaquil,Control,0
C00845,Minorista,Quito,Control,0
C00868,Mayorista,Loja,Control,1
C00850,Minorista,Loja,Tratamiento,0
C01263,Minorista,Quito,Control,0
C00077,Minorista,Quito,Tratamiento,0
C01506,Mayorista,Loja,Control,0
C00938,Mayorista,Cuenca,Control,1
C01522,Minorista,Guayaquil,Tratamiento,0
C01287,Mayorista,Manta,Control,0
C00781,Minorista,Cuenca,Tratamiento,0
C01363,Minorista,Quito,Tratamiento,0
C01327,Minorista,Loja,Tratamiento,1
C00702,Minorista,Cuenca,Control,0
C01240,Minorista,Quito,Tratamiento,0
C00706,Minorista,Quito,Control,0
C01321,Minorista,Quito,Tratamiento,0
C00031,Minorista,Cuenca,Tratamiento,0
C01320,Minorista,Loja,Tratamiento,0
C01465,Minorista,Guayaquil,Tratamiento,0
C01636,Minorista,Cuenca,Tratamiento,0
C00368,Mayorista,Quito,Control,1
C00409,Minorista,Guayaquil,Control,0
C01030,Minorista,Quito,Tratamiento,0
C01396,Minorista,Guayaquil,Tratamiento,0
C01413,Minorista,Cuenca,Control,0
C00100,Minorista,Quito,Tratamiento,0
C01145,Minorista,Guayaquil,Tratamiento,0
C01109,Minorista,Quito,Tratamiento,0
C01638,Minorista,Guayaquil,Control,0
C01090,Minorista,Guayaquil,Tratamiento,1
C00856,Minorista,Quito,Control,0
C00788,Minorista,Cuenca,Tratamiento,0
C00169,Minorista,Cuenca,Tratamiento,0
C00943,Minorista,Guayaquil,Tratamiento,0
C00213,Minorista,Guayaquil,Control,1
C01545,Minorista,Manta,Tratamiento,0
C01044,Minorista,Loja,Tratamiento,1
C01728,Minorista,Manta,Tratamiento,0
C00481,Minorista,Quito,Tratamiento,0
C01594,Minorista,Cuenca,Tratamiento,0
C01441,Mayorista,Guayaquil,Tratamiento,0
C01747,Minorista,Quito,Control,0
C00033,Mayorista,Guayaquil,Tratamiento,0
C00918,Minorista,Guayaquil,Tratamiento,0
C01164,Mayorista,Quito,Control,0
C00421,Minorista,Manta,Tratamiento,0
C01443,Minorista,Quito,Control,0
C01188,Mayorista,Quito,Control,0
C01305,Minorista,Manta,Tratamiento,0
C00904,Mayorista,Guayaquil,Control,1
C00186,Minorista,Quito,Tratamiento,0
C00963,Minorista,Quito,Tratamiento,1
C01541,Mayorista,Quito,Control,0
C00271,Minorista,Cuenca,Tratamiento,0
C00045,Minorista,Loja,Control,0
C00372,Minorista,Cuenca,Tratamiento,0
C00584,Minorista,Quito,Tratamiento,0
C00942,Mayorista,Cuenca,Control,0
C00819,Minorista,Cuenca,Tratamiento,0
C00197,Minorista,Quito,Tratamiento,0
C00899,Minorista,Loja,Control,0
C01008,Mayorista,Guayaquil,Control,0
C00238,Minorista,Manta,Control,0
C00060,Minorista,Quito,Control,0
C01227,Minorista,Quito,Tratamiento,0
C00399,Minorista,Guayaquil,Tratamiento,0
C00989,Minorista,Quito,Control,0
C01470,Minorista,Loja,Control,0
C00366,Minorista,Cuenca,Tratamiento,0
C01561,Minorista,Cuenca,Tratamiento,0
C00308,Minorista,Quito,Tratamiento,0
C01453,Minorista,Guayaquil,Tratamiento,0
C01273,Minorista,Quito,Tratamiento,0
C00124,Minorista,Cuenca,Control,0
C00772,Minorista,Quito,Tratamiento,0
C00255,Minorista,Loja,Tratamiento,0
C00306,Minorista,Guayaquil,Control,1
C01023,Minorista,Quito,Tratamiento,0
C00683,Mayorista,Guayaquil,Tratamiento,0
C01117,Minorista,Cuenca,Control,0
C01552,Minorista,Quito,Control,0
C01637,Minorista,Guayaquil,Control,0
C01369,Mayorista,Quito,Control,1
C01475,Minorista,Guayaquil,Tratamiento,0
C01180,Minorista,Quito,Tratamiento,0
C01780,Minorista,Loja,Tratamiento,0
C00298,Minorista,Quito,Tratamiento,0
C01014,Minorista,Quito,Tratamiento,0
C00367,Minorista,Quito,Tratamiento,0
C01437,Mayorista,Cuenca,Control,0
C01548,Minorista,Loja,Tratamiento,0
C01760,Minorista,Quito,Tratamiento,0
C00352,Minorista,Cuenca,Tratamiento,0
C00068,Mayorista,Quito,Control,1
C01081,Minorista,Guayaquil,Tratamiento,0
C01612,Minorista,Loja,Tratamiento,0
C00746,Mayorista,Guayaquil,Tratamiento,1
C01269,Minorista,Quito,Control,0
C01736,Minorista,Guayaquil,Control,0
C00395,Minorista,Quito,Control,0
C00734,Mayorista,Quito,Control,0
C00814,Minorista,Guayaquil,Control,0
C01351,Minorista,Guayaquil,Tratamiento,0
C00304,Minorista,Guayaquil,Control,0
C00594,Minorista,Quito,Tratamiento,0
C01380,Minorista,Guayaquil,Tratamiento,0
C01425,Mayorista,Quito,Tratamiento,1
C01498,Minorista,Guayaquil,Tratamiento,0
C00317,Minorista,Quito,Tratamiento,0
C01532,Minorista,Loja,Tratamiento,0
C00755,Minorista,Cuenca,Tratamiento,0
C00644,Minorista,Quito,Control,0
C00535,Minorista,Guayaquil,Control,0
C00756,Minorista,Guayaquil,Control,0
C00262,Minorista,Guayaquil,Control,0
C01085,Minorista,Cuenca,Tratamiento,0
C00241,Minorista,Guayaquil,Tratamiento,1
C00671,Minorista,Loja,Tratamiento,1
C00299,Minorista,Loja,Tratamiento,0
C01111,Minorista,Cuenca,Tratamiento,1
C00967,Minorista,Quito,Control,0
C00847,Minorista,Cuenca,Control,0
C00433,Mayorista,Manta,Control,0
C00072,Mayorista,Cuenca,Control,1
C00382,Minorista,Quito,Tratamiento,1
C00260,Minorista,Loja,Tratamiento,0
C00052,Minorista,Cuenca,Tratamiento,1
C00375,Mayorista,Quito,Control,0
C00340,Minorista,Quito,Control,0
C00533,Mayorista,Quito,Control,1
C01222,Minorista,Quito,Tratamiento,1
C01315,Mayorista,Quito,Control,0
C01064,Minorista,Quito,Tratamiento,0
C01738,Minorista,Cuenca,Tratamiento,1
C01743,Minorista,Guayaquil,Tratamiento,0
C01056,Mayorista,Manta,Control,0
C01231,Minorista,Quito,Control,1
C00939,Minorista,Quito,Tratamiento,0
C01492,Minorista,Loja,Tratamiento,0
C00426,Minorista,Quito,Tratamiento,0
C00463,Minorista,Guayaquil,Tratamiento,0
C00495,Minorista,Guayaquil,Tratamiento,0
C00844,Minorista,Quito,Tratamiento,0
C01540,Minorista,Quito,Control,0
C00527,Minorista,Loja,Tratamiento,0
C00142,Minorista,Guayaquil,Tratamiento,0
C01477,Minorista,Manta,Tratamiento,0
C00618,Minorista,Quito,Control,0
C01682,Mayorista,Quito,Control,0
C00858,Minorista,Guayaquil,Tratamiento,1
C00434,Minorista,Manta,Tratamiento,0
C00999,Minorista,Cuenca,Control,0
C00272,Minorista,Guayaquil,Control,0
C00185,Minorista,Quito,Tratamiento,0
C00773,Minorista,Guayaquil,Tratamiento,0
C00245,Minorista,Quito,Control,0
C01464,Minorista,Quito,Tratamiento,0
C01069,Minorista,Quito,Control,0
C01461,Minorista,Cuenca,Tratamiento,0
C01400,Minorista,Loja,Tratamiento,0
C01488,Minorista,Quito,Tratamiento,0
C01482,Minorista,Guayaquil,Control,0
C00908,Mayorista,Loja,Control,0
C00603,Minorista,Guayaquil,Tratamiento,0
C01767,Minorista,Cuenca,Tratamiento,0
C01309,Minorista,Quito,Tratamiento,0
C00251,Minorista,Cuenca,Control,0
C00498,Minorista,Manta,Tratamiento,0
C01178,Minorista,Guayaquil,Control,0
C01291,Minorista,Manta,Control,0
C01377,Minorista,Quito,Tratamiento,0
C00355,Minorista,Quito,Tratamiento,0
C01054,Mayorista,Quito,Control,0
C00619,Minorista,Guayaquil,Control,0
C00629,Mayorista,Quito,Control,0
C01027,Minorista,Loja,Tratamiento,0
C01304,Minorista,Loja,Tratamiento,0
C00416,Minorista,Loja,Tratamiento,0
C00998,Minorista,Loja,Tratamiento,0
C00171,Minorista,Quito,Control,0
C01567,Minorista,Quito,Tratamiento,0
C00414,Mayorista,Cuenca,Control,0
C01422,Minorista,Quito,Tratamiento,0
C00301,Minorista,Loja,Tratamiento,0
C01782,Minorista,Guayaquil,Tratamiento,0
C00412,Minorista,Quito,Tratamiento,0
C00766,Mayorista,Manta,Control,1
C01466,Minorista,Quito,Control,0
C01735,Minorista,Guayaquil,Tratamiento,1
C01270,Minorista,Guayaquil,Control,0
C01275,Mayorista,Quito,Control,0
C00833,Minorista,Guayaquil,Tratamiento,1
C00837,Minorista,Guayaquil,Tratamiento,0
C01104,Mayorista,Guayaquil,Control,1
C00860,Minorista,Cuenca,Tratamiento,0
C00568,Minorista,Manta,Tratamiento,0
C00176,Minorista,Quito,Tratamiento,1
C01462,Minorista,Quito,Tratamiento,0
C00678,Minorista,Manta,Tratamiento,0
C01395,Minorista,Quito,Tratamiento,0
C00335,Minorista,Quito,Tratamiento,0
C00760,Minorista,Guayaquil,Tratamiento,0
C00638,Mayorista,Quito,Control,1
C00894,Minorista,Loja,Tratamiento,0
C01206,Mayorista,Guayaquil,Tratamiento,1
C00199,Minorista,Guayaquil,Tratamiento,1
C00016,Mayorista,Quito,Control,1
C00266,Minorista,Guayaquil,Tratamiento,0
C00558,Minorista,Guayaquil,Tratamiento,0
C01034,Mayorista,Cuenca,Control,1
C00817,Mayorista,Guayaquil,Tratamiento,1
C01508,Minorista,Manta,Tratamiento,0
C00742,Minorista,Manta,Tratamiento,0
C01393,Minorista,Guayaquil,Tratamiento,0
C00479,Minorista,Cuenca,Tratamiento,0
C01006,Minorista,Quito,Tratamiento,1
C00417,Minorista,Guayaquil,Tratamiento,0
C00200,Minorista,Quito,Tratamiento,0
C00728,Minorista,Quito,Control,0
C00994,Minorista,Quito,Tratamiento,0
C01723,Minorista,Quito,Tratamiento,0
C01152,Minorista,Quito,Control,0
C01493,Mayorista,Manta,Control,0
C01450,Minorista,Cuenca,Control,1
C01173,Minorista,Loja,Tratamiento,0
C01118,Minorista,Quito,Control,0
C01569,Mayorista,Guayaquil,Control,0
C00600,Minorista,Guayaquil,Tratamiento,0
C01386,Minorista,Quito,Tratamiento,0
C00931,Minorista,Manta,Control,0
C00311,Minorista,Quito,Control,0
C00057,Minorista,Guayaquil,Tratamiento,0
C00549,Mayorista,Quito,Control,0
C00423,Mayorista,Quito,Tratamiento,1
C00597,Minorista,Guayaquil,Tratamiento,0
C00044,Minorista,Quito,Tratamiento,0
C00101,Minorista,Quito,Tratamiento,0
C00275,Minorista,Quito,Tratamiento,0
C01259,Minorista,Guayaquil,Tratamiento,0
C00354,Minorista,Manta,Tratamiento,0
C00102,Mayorista,Cuenca,Control,1
C00975,Minorista,Guayaquil,Tratamiento,0
C00108,Minorista,Quito,Control,0
C01731,Minorista,Guayaquil,Control,0
C01781,Minorista,Quito,Tratamiento,0
C00839,Minorista,Quito,Tratamiento,0
C01245,Mayorista,Guayaquil,Tratamiento,1
C00694,Minorista,Quito,Tratamiento,0
C00586,Minorista,Loja,Tratamiento,0
C01629,Minorista,Cuenca,Tratamiento,0
C00979,Minorista,Loja,Tratamiento,0
C01170,Minorista,Cuenca,Tratamiento,1
C00129,Minorista,Cuenca,Tratamiento,1
C01271,Minorista,Guayaquil,Tratamiento,0
C00454,Minorista,Loja,Tratamiento,1
C00428,Minorista,Quito,Tratamiento,0
C01684,Minorista,Guayaquil,Tratamiento,0
C01059,Minorista,Quito,Tratamiento,0
C00866,Mayorista,Quito,Control,0
C01387,Minorista,Guayaquil,Control,0
C00941,Minorista,Quito,Tratamiento,0
C01232,Minorista,Cuenca,Control,0
C01121,Minorista,Guayaquil,Control,0
C00610,Minorista,Cuenca,Tratamiento,0
C01404,Minorista,Quito,Control,0
C01382,Mayorista,Cuenca,Control,0
C01058,Minorista,Guayaquil,Tratamiento,0
C00708,Minorista,Quito,Tratamiento,0
C00917,Minorista,Quito,Tratamiento,0
C00995,Minorista,Manta,Tratamiento,0
C00406,Minorista,Cuenca,Tratamiento,0
C01392,Minorista,Guayaquil,Control,0
C01491,Mayorista,Manta,Control,0
C01795,Minorista,Guayaquil,Tratamiento,0
C00576,Minorista,Quito,Tratamiento,1
C00480,Minorista,Cuenca,Tratamiento,0
C00465,Mayorista,Quito,Control,0
C00227,Minorista,Quito,Tratamiento,0
C00232,Minorista,Quito,Tratamiento,0
C00744,Minorista,Guayaquil,Tratamiento,1
C01572,Minorista,Guayaquil,Tratamiento,0
C00585,Mayorista,Guayaquil,Control,0
C00164,Mayorista,Cuenca,Control,0
C00680,Minorista,Quito,Tratamiento,0
C00800,Minorista,Guayaquil,Tratamiento,0
C00267,Mayorista,Guayaquil,Control,1
C00149,Mayorista,Manta,Control,0
C01378,Minorista,Cuenca,Tratamiento,0
C00985,Minorista,Guayaquil,Tratamiento,0
C00589,Minorista,Guayaquil,Control,1
C01582,Minorista,Quito,Tratamiento,0
C01419,Minorista,Guayaquil,Tratamiento,0
C00307,Minorista,Cuenca,Tratamiento,1
C00193,Minorista,Manta,Control,0
C00953,Minorista,Quito,Tratamiento,0
C00310,Minorista,Manta,Tratamiento,0
C01799,Minorista,Quito,Tratamiento,0
C00064,Mayorista,Manta,Control,0
C01649,Mayorista,Cuenca,Control,1
C01791,Minorista,Quito,Tratamiento,0
C01365,Minorista,Guayaquil,Tratamiento,1
C00487,Minorista,Cuenca,Tratamiento,0
C00753,Minorista,Guayaquil,Tratamiento,0
C01019,Minorista,Cuenca,Control,0
C01138,Minorista,Quito,Tratamiento,0
C01344,Minorista,Loja,Tratamiento,0
C01211,Minorista,Quito,Tratamiento,0
C01517,Mayorista,Manta,Control,0
C01313,Mayorista,Guayaquil,Control,0
C01053,Minorista,Cuenca,Tratamiento,0
C01588,Minorista,Cuenca,Tratamiento,0
C00809,Minorista,Manta,Tratamiento,0
C00219,Minorista,Guayaquil,Control,0
C01658,Minorista,Cuenca,Tratamiento,0
C00287,Minorista,Quito,Tratamiento,0
C01362,Mayorista,Guayaquil,Control,1
C01447,Minorista,Cuenca,Control,0
C01289,Minorista,Quito,Tratamiento,0
C01537,Minorista,Quito,Tratamiento,0
C00362,Minorista,Quito,Tratamiento,0
C01336,Minorista,Guayaquil,Control,0
C00577,Minorista,Quito,Control,0
C01314,Minorista,Guayaquil,Tratamiento,0
C01186,Mayorista,Guayaquil,Control,0
C00486,Minorista,Guayaquil,Tratamiento,0
C01478,Minorista,Cuenca,Tratamiento,1
C00553,Minorista,Manta,Tratamiento,1
C01433,Minorista,Quito,Control,0
C00875,Mayorista,Guayaquil,Tratamiento,1
C00905,Minorista,Cuenca,Tratamiento,1
C01114,Mayorista,Guayaquil,Control,0
C00842,Minorista,Guayaquil,Tratamiento,0
C01640,Minorista,Quito,Control,0
C01290,Mayorista,Cuenca,Control,0
C00888,Minorista,Quito,Tratamiento,0
C00880,Minorista,Loja,Tratamiento,0
C01727,Mayorista,Quito,Tratamiento,0
C00901,Minorista,Quito,Control,0
C00293,Mayorista,Cuenca,Control,0
C00632,Minorista,Cuenca,Tratamiento,0
C01129,Minorista,Guayaquil,Tratamiento,0
C01432,Minorista,Quito,Tratamiento,0
C01132,Minorista,Cuenca,Tratamiento,0
C01279,Minorista,Guayaquil,Tratamiento,0
C01086,Minorista,Quito,Tratamiento,0
C00494,Mayorista,Guayaquil,Tratamiento,0
C01189,Mayorista,Quito,Control,1
C00278,Mayorista,Cuenca,Control,0
C01662,Minorista,Guayaquil,Tratamiento,0
C00359,Minorista,Cuenca,Control,0
C00987,Minorista,Loja,Control,0
C00237,Minorista,Guayaquil,Control,0
C01681,Minorista,Quito,Tratamiento,0
C00209,Minorista,Manta,Tratamiento,0
C01281,Minorista,Quito,Tratamiento,0
C01406,Minorista,Guayaquil,Tratamiento,0
C00059,Mayorista,Quito,Control,0
C01430,Minorista,Quito,Tratamiento,0
C01423,Minorista,Cuenca,Tratamiento,0
C00364,Minorista,Quito,Control,0
C00907,Mayorista,Quito,Control,0
C00723,Minorista,Loja,Control,0
C01010,Mayorista,Quito,Control,0
C01633,Minorista,Manta,Control,0
C01102,Minorista,Quito,Tratamiento,0
C00693,Mayorista,Manta,Control,1
C00906,Minorista,Cuenca,Tratamiento,0
C01570,Mayorista,Quito,Tratamiento,0
C00119,Mayorista,Quito,Control,0
C01796,Minorista,Guayaquil,Tratamiento,0
C00630,Minorista,Guayaquil,Tratamiento,0
C00523,Mayorista,Guayaquil,Control,0
C00514,Minorista,Guayaquil,Tratamiento,0
C00082,Minorista,Quito,Tratamiento,0
C00705,Mayorista,Guayaquil,Control,1
C00381,Minorista,Loja,Tratamiento,0
C01525,Minorista,Cuenca,Tratamiento,0
C00085,Mayorista,Guayaquil,Control,0
C01515,Mayorista,Quito,Control,0
C01666,Minorista,Manta,Control,1
C00915,Minorista,Guayaquil,Tratamiento,0
C00614,Minorista,Quito,Tratamiento,0
C00983,Minorista,Guayaquil,Tratamiento,1
C00757,Mayorista,Guayaquil,Control,0
C00721,Minorista,Quito,Tratamiento,0
C00452,Minorista,Quito,Control,0
C00491,Minorista,Guayaquil,Control,0
C01779,Minorista,Manta,Control,0
C00288,Minorista,Quito,Tratamiento,0
C01158,Minorista,Quito,Control,0
C01786,Minorista,Loja,Control,0
C01230,Minorista,Guayaquil,Tratamiento,0
C01084,Minorista,Guayaquil,Control,0
C01499,Minorista,Loja,Tratamiento,0
C01334,Minorista,Cuenca,Tratamiento,0
C01000,Minorista,Cuenca,Tratamiento,0
C01201,Minorista,Quito,Tratamiento,0
C01490,Minorista,Cuenca,Tratamiento,0
C00328,Mayorista,Quito,Control,1
C01310,Minorista,Guayaquil,Tratamiento,0
C01113,Minorista,Cuenca,Tratamiento,0
C00937,Mayorista,Guayaquil,Tratamiento,1
C01408,Minorista,Guayaquil,Control,0
C00758,Minorista,Quito,Tratamiento,0
C00178,Minorista,Loja,Tratamiento,1
C00608,Mayorista,Manta,Control,0
C00775,Minorista,Cuenca,Tratamiento,0
C00087,Minorista,Loja,Tratamiento,0
C01266,Minorista,Quito,Tratamiento,0
C01758,Minorista,Quito,Tratamiento,0
C00458,Minorista,Quito,Control,0
C00055,Minorista,Guayaquil,Tratamiento,0
C01353,Minorista,Loja,Tratamiento,0
C00222,Minorista,Quito,Tratamiento,0
C00114,Mayorista,Cuenca,Tratamiento,1
C01654,Mayorista,Quito,Control,0
C01112,Mayorista,Quito,Control,1
C00820,Mayorista,Guayaquil,Control,1
C00175,Minorista,Manta,Control,0
C01646,Minorista,Cuenca,Control,0
C01405,Minorista,Manta,Tratamiento,0
C00019,Minorista,Cuenca,Tratamiento,0
C00424,Mayorista,Quito,Control,0
C01207,Mayorista,Quito,Control,0
C00286,Minorista,Quito,Tratamiento,0
C01429,Minorista,Quito,Control,1
C00429,Minorista,Quito,Tratamiento,0
C01361,Mayorista,Guayaquil,Control,0
C01246,Minorista,Guayaquil,Tratamiento,0
C00032,Minorista,Guayaquil,Tratamiento,1
C01011,Minorista,Manta,Tratamiento,0
C01775,Mayorista,Loja,Control,0
C00215,Minorista,Quito,Tratamiento,0
C00670,Minorista,Quito,Control,0
C00327,Minorista,Manta,Tratamiento,0
C00561,Minorista,Guayaquil,Tratamiento,0
C01050,Minorista,Guayaquil,Control,0
C01236,Minorista,Quito,Tratamiento,1
C01352,Minorista,Loja,Tratamiento,1
C00342,Minorista,Quito,Tratamiento,0
C00148,Minorista,Loja,Tratamiento,0
C00361,Minorista,Guayaquil,Tratamiento,0
C00084,Minorista,Quito,Tratamiento,1
C00049,Minorista,Quito,Tratamiento,0
C00469,Mayorista,Quito,Control,1
C00156,Minorista,Quito,Tratamiento,1
C01676,Mayorista,Quito,Control,0
C01317,Minorista,Quito,Tratamiento,1
C01092,Minorista,Quito,Tratamiento,1
C01471,Minorista,Guayaquil,Tratamiento,0
C00501,Minorista,Quito,Control,0
C00180,Minorista,Quito,Tratamiento,0
C01481,Minorista,Quito,Tratamiento,0
C01600,Minorista,Guayaquil,Tratamiento,0
C00808,Mayorista,Cuenca,Control,0
C00529,Minorista,Cuenca,Tratamiento,0
C00347,Mayorista,Manta,Control,0
C01248,Minorista,Loja,Tratamiento,0
C01761,Minorista,Guayaquil,Tratamiento,0
C01282,Minorista,Quito,Control,0
C00922,Minorista,Cuenca,Tratamiento,0
C01384,Mayorista,Loja,Control,0
C00602,Minorista,Cuenca,Tratamiento,0
C00890,Minorista,Guayaquil,Tratamiento,0
C00244,Minorista,Cuenca,Tratamiento,1
C00737,Mayorista,Cuenca,Control,1
C01329,Minorista,Cuenca,Tratamiento,0
C00313,Minorista,Guayaquil,Control,0
C00436,Minorista,Quito,Tratamiento,0
C01705,Minorista,Quito,Tratamiento,0
C01288,Minorista,Loja,Tratamiento,0
C00309,Mayorista,Guayaquil,Control,0
C00431,Minorista,Cuenca,Tratamiento,0
C00371,Mayorista,Guayaquil,Control,0
C00567,Mayorista,Quito,Control,0
C01749,Minorista,Quito,Tratamiento,0
C00182,Minorista,Quito,Tratamiento,0
C01730,Minorista,Cuenca,Tratamiento,0
C00622,Minorista,Guayaquil,Tratamiento,0
C00675,Minorista,Quito,Tratamiento,0
C01126,Minorista,Guayaquil,Tratamiento,0
C00782,Minorista,Quito,Control,0
C01656,Mayorista,Quito,Tratamiento,0
C00297,Minorista,Guayaquil,Tratamiento,0
C00745,Minorista,Guayaquil,Tratamiento,0
C00462,Minorista,Cuenca,Control,0
C01174,Minorista,Quito,Control,0
C00977,Minorista,Guayaquil,Control,0
C00378,Minorista,Guayaquil,Tratamiento,1
C01284,Mayorista,Quito,Control,0
C00106,Minorista,Quito,Control,0
C00127,Minorista,Manta,Control,0
C01024,Minorista,Quito,Tratamiento,0
C00793,Minorista,Guayaquil,Control,0
C00356,Minorista,Cuenca,Control,0
C01459,Minorista,Guayaquil,Tratamiento,0
C01210,Minorista,Quito,Tratamiento,1
C00932,Minorista,Quito,Control,0
C00210,Minorista,Loja,Tratamiento,0
C00731,Mayorista,Guayaquil,Control,0
C00141,Minorista,Guayaquil,Control,0
C01293,Minorista,Guayaquil,Tratamiento,0
C01203,Mayorista,Guayaquil,Control,1
C00911,Minorista,Quito,Tratamiento,0
C01420,Minorista,Cuenca,Tratamiento,0
C01558,Mayorista,Quito,Control,0
C00862,Minorista,Manta,Tratamiento,0
C01143,Minorista,Quito,Tratamiento,0
C00712,Mayorista,Cuenca,Tratamiento,0
C00707,Minorista,Quito,Tratamiento,0
C00011,Minorista,Quito,Tratamiento,0
C01603,Minorista,Guayaquil,Tratamiento,1
C01326,Mayorista,Manta,Control,1
C00283,Minorista,Manta,Tratamiento,0
C00292,Minorista,Guayaquil,Tratamiento,0
C00627,Minorista,Manta,Tratamiento,0
C01223,Mayorista,Loja,Control,1
C01076,Minorista,Manta,Tratamiento,0
C00130,Minorista,Quito,Tratamiento,0
C01194,Minorista,Quito,Tratamiento,0
C00324,Mayorista,Cuenca,Tratamiento,1
C00951,Minorista,Guayaquil,Tratamiento,0
C00695,Mayorista,Manta,Control,1
C01504,Minorista,Quito,Tratamiento,0
C01678,Mayorista,Quito,Control,0
C00713,Mayorista,Cuenca,Control,1
C01695,Mayorista,Cuenca,Control,1
C00988,Minorista,Manta,Tratamiento,0
C01458,Minorista,Guayaquil,Control,0
C01476,Minorista,Manta,Tratamiento,0
C00159,Minorista,Manta,Tratamiento,0
C00810,Mayorista,Quito,Control,1
C00635,Minorista,Guayaquil,Tratamiento,0
C00517,Mayorista,Cuenca,Control,1
C01285,Minorista,Loja,Tratamiento,0
C00598,Mayorista,Guayaquil,Control,0
C00196,Minorista,Quito,Tratamiento,0
C01787,Minorista,Loja,Control,0
C01685,Minorista,Cuenca,Tratamiento,0
C00411,Minorista,Guayaquil,Tratamiento,0
C00097,Minorista,Quito,Tratamiento,1
C00821,Minorista,Quito,Tratamiento,0
C00779,Mayorista,Manta,Control,0
C00157,Mayorista,Guayaquil,Tratamiento,1
C00420,Minorista,Quito,Tratamiento,0
C01679,Mayorista,Quito,Control,0
C00478,Minorista,Guayaquil,Tratamiento,0
C01763,Mayorista,Cuenca,Control,1
C00669,Minorista,Quito,Control,0
C00874,Minorista,Guayaquil,Tratamiento,1
C01590,Mayorista,Cuenca,Control,0
C01524,Minorista,Quito,Control,0
C00448,Minorista,Quito,Tratamiento,0
C01115,Minorista,Guayaquil,Tratamiento,0
C00179,Mayorista,Quito,Control,0
C00391,Minorista,Guayaquil,Tratamiento,0
C00579,Minorista,Cuenca,Control,0
C01303,Minorista,Quito,Control,0
C01542,Mayorista,Quito,Control,0
C01316,Mayorista,Loja,Control,0
C01484,Mayorista,Guayaquil,Control,0
C01630,Minorista,Quito,Control,0
C01549,Minorista,Guayaquil,Tratamiento,0
C00807,Mayorista,Quito,Control,1
C00889,Minorista,Guayaquil,Tratamiento,0
C00665,Minorista,Quito,Tratamiento,0
C00143,Minorista,Quito,Tratamiento,1
C01367,Minorista,Loja,Tratamiento,0
C01286,Minorista,Guayaquil,Tratamiento,0
C00422,Minorista,Guayaquil,Control,0
C00637,Minorista,Loja,Control,0
C01264,Minorista,Cuenca,Tratamiento,0
C01793,Minorista,Guayaquil,Control,0
C00616,Mayorista,Quito,Control,1
C00295,Mayorista,Loja,Tratamiento,1
C00765,Minorista,Quito,Tratamiento,0
C01709,Mayorista,Quito,Control,0
C00089,Minorista,Quito,Tratamiento,0
C00042,Minorista,Quito,Tratamiento,1
C01622,Minorista,Manta,Tratamiento,0
C01737,Mayorista,Guayaquil,Control,0
C00132,Minorista,Loja,Tratamiento,0
C01474,Minorista,Loja,Control,0
C00811,Minorista,Quito,Control,0
C00924,Minorista,Cuenca,Control,0
C01669,Mayorista,Guayaquil,Tratamiento,0
C00974,Minorista,Loja,Tratamiento,0
C00165,Minorista,Manta,Tratamiento,1
C00725,Mayorista,Quito,Control,1
C00291,Mayorista,Guayaquil,Control,1
C01703,Minorista,Quito,Tratamiento,0
C00835,Mayorista,Manta,Control,0
C00349,Mayorista,Quito,Control,1
C00572,Minorista,Guayaquil,Control,0
C00799,Minorista,Quito,Tratamiento,0
C01696,Minorista,Quito,Control,0
C00966,Mayorista,Quito,Tratamiento,1
C01436,Minorista,Manta,Tratamiento,0
C01757,Minorista,Loja,Tratamiento,0
C00840,Mayorista,Quito,Control,0
C00459,Minorista,Guayaquil,Tratamiento,0
C00376,Minorista,Loja,Control,0
C00334,Minorista,Cuenca,Tratamiento,0
C01607,Minorista,Cuenca,Control,0
C01762,Minorista,Guayaquil,Tratamiento,0
C01456,Minorista,Quito,Tratamiento,0
C01704,Mayorista,Cuenca,Control,0
C01182,Minorista,Guayaquil,Tratamiento,0
C01671,Mayorista,Loja,Control,0
C01035,Minorista,Quito,Tratamiento,1
C01733,Mayorista,Guayaquil,Control,0
C00329,Minorista,Quito,Tratamiento,0
C01193,Minorista,Guayaquil,Control,0
C00319,Minorista,Manta,Tratamiento,0
C01379,Minorista,Cuenca,Tratamiento,0
C01221,Minorista,Cuenca,Tratamiento,0
C01563,Mayorista,Manta,Tratamiento,1
C00168,Minorista,Quito,Tratamiento,0
C00013,Minorista,Loja,Tratamiento,0
C00172,Minorista,Quito,Control,0
C00650,Mayorista,Quito,Control,1
C00261,Mayorista,Quito,Control,1
C01243,Mayorista,Quito,Control,0
C01616,Minorista,Quito,Tratamiento,0
C00673,Minorista,Guayaquil,Tratamiento,0
C00259,Mayorista,Cuenca,Control,0
C01190,Minorista,Quito,Tratamiento,0
C00139,Minorista,Loja,Control,0
C00550,Minorista,Cuenca,Tratamiento,0
C00863,Minorista,Quito,Control,0
C01376,Minorista,Quito,Control,0
C01119,Minorista,Quito,Tratamiento,0
C01068,Minorista,Guayaquil,Tratamiento,0
C00559,Minorista,Manta,Tratamiento,0
C00140,Mayorista,Quito,Control,1
C01565,Minorista,Quito,Control,0
C00532,Minorista,Quito,Tratamiento,0
C00225,Minorista,Guayaquil,Tratamiento,0
C00724,Mayorista,Quito,Control,1
C00787,Minorista,Quito,Tratamiento,0
C00825,Minorista,Manta,Tratamiento,1
C00410,Minorista,Guayaquil,Tratamiento,0
C00326,Mayorista,Quito,Control,0
C00965,Minorista,Quito,Tratamiento,0
C00300,Mayorista,Cuenca,Control,0
C01139,Minorista,Manta,Tratamiento,0
C01183,Minorista,Guayaquil,Control,0
C00940,Minorista,Loja,Control,0
C01672,Minorista,Manta,Tratamiento,1
C00715,Minorista,Quito,Tratamiento,0
C00194,Minorista,Quito,Tratamiento,0
C00441,Minorista,Loja,Tratamiento,0
C00574,Mayorista,Quito,Control,1
C00504,Minorista,Loja,Tratamiento,0
C00606,Minorista,Quito,Tratamiento,0
C01055,Minorista,Cuenca,Tratamiento,0
C01609,Mayorista,Guayaquil,Control,1
C00004,Minorista,Quito,Tratamiento,0
C01042,Minorista,Cuenca,Tratamiento,0
C01108,Minorista,Manta,Tratamiento,0
C00468,Minorista,Quito,Control,0
C00322,Minorista,Quito,Control,0
C00006,Minorista,Guayaquil,Tratamiento,0
C00223,Minorista,Quito,Tratamiento,0
C00548,Minorista,Quito,Tratamiento,0
C00229,Mayorista,Quito,Control,0
C00040,Minorista,Quito,Tratamiento,0
C00543,Minorista,Manta,Tratamiento,0
C00243,Minorista,Quito,Tratamiento,0
C01716,Minorista,Quito,Tratamiento,0
C00137,Minorista,Loja,Tratamiento,0
C01079,Minorista,Manta,Tratamiento,0
C01581,Minorista,Quito,Tratamiento,0
C01418,Minorista,Manta,Control,0
C01434,Minorista,Quito,Tratamiento,0
C00830,Minorista,Quito,Tratamiento,0
C00446,Mayorista,Guayaquil,Tratamiento,0
C00843,Mayorista,Cuenca,Control,0
C00980,Minorista,Guayaquil,Tratamiento,1
C01698,Mayorista,Quito,Control,0
C01074,Mayorista,Quito,Control,0
C01643,Minorista,Guayaquil,Tratamiento,0
C00582,Minorista,Quito,Tratamiento,0
C01589,Minorista,Loja,Control,0
C01770,Minorista,Quito,Tratamiento,0
C00662,Minorista,Cuenca,Tratamiento,0
C00437,Minorista,Guayaquil,Tratamiento,0
C01670,Minorista,Quito,Tratamiento,0
C00377,Minorista,Quito,Tratamiento,1
C01330,Minorista,Guayaquil,Tratamiento,0
C00315,Mayorista,Manta,Control,0
C00443,Minorista,Quito,Tratamiento,0
C01038,Minorista,Guayaquil,Tratamiento,0
C00320,Minorista,Quito,Tratamiento,0
C00282,Minorista,Quito,Tratamiento,0
C00933,Mayorista,Guayaquil,Control,1
C01358,Minorista,Quito,Control,0
C01604,Minorista,Cuenca,Tratamiento,0
C00425,Minorista,Manta,Tratamiento,0
C00554,Mayorista,Cuenca,Tratamiento,1
C00595,Minorista,Quito,Tratamiento,1
C01764,Minorista,Quito,Tratamiento,0
C00369,Minorista,Quito,Tratamiento,1
C01252,Minorista,Manta,Tratamiento,0
C01179,Minorista,Manta,Control,0
C01424,Mayorista,Quito,Control,0
C01457,Minorista,Quito,Tratamiento,0
C01442,Minorista,Quito,Tratamiento,0
C00228,Minorista,Quito,Tratamiento,1
C01001,Mayorista,Cuenca,Control,1
C01091,Minorista,Quito,Control,0
C01621,Mayorista,Guayaquil,Tratamiento,0
C00964,Minorista,Cuenca,Tratamiento,1
C00067,Mayorista,Guayaquil,Control,0
C00394,Minorista,Guayaquil,Tratamiento,0
C00580,Mayorista,Manta,Control,1
C00025,Minorista,Quito,Tratamiento,0
C00212,Minorista,Cuenca,Tratamiento,0
C01385,Minorista,Quito,Tratamiento,0
C00145,Minorista,Guayaquil,Tratamiento,0
C00537,Minorista,Guayaquil,Tratamiento,0
C00812,Minorista,Quito,Tratamiento,0
C01007,Minorista,Quito,Tratamiento,0
C00926,Minorista,Guayaquil,Tratamiento,0
C00086,Minorista,Quito,Control,0
C01623,Minorista,Quito,Tratamiento,1
C00273,Minorista,Guayaquil,Control,0
C01162,Mayorista,Manta,Control,1
C01445,Minorista,Quito,Tratamiento,0
C01106,Minorista,Manta,Control,0
C01625,Minorista,Guayaquil,Tratamiento,0
C00631,Minorista,Quito,Tratamiento,0
C01235,Minorista,Guayaquil,Control,0
C01683,Minorista,Manta,Tratamiento,0
C00916,Minorista,Quito,Tratamiento,0
C01234,Minorista,Guayaquil,Control,0
C01037,Minorista,Quito,Control,0
C00506,Minorista,Quito,Tratamiento,0
C00274,Minorista,Loja,Tratamiento,0
C01198,Minorista,Loja,Tratamiento,0
C01597,Minorista,Quito,Tratamiento,0
C00363,Minorista,Guayaquil,Tratamiento,0
C01454,Minorista,Manta,Control,0
C00623,Minorista,Guayaquil,Tratamiento,0
C00003,Minorista,Guayaquil,Tratamiento,1
C00007,Minorista,Guayaquil,Tratamiento,0
C01002,Minorista,Guayaquil,Control,0
C00312,Minorista,Guayaquil,Tratamiento,0
C01218,Minorista,Manta,Tratamiento,0
C00927,Minorista,Loja,Control,0
C00666,Minorista,Quito,Control,0
C00365,Minorista,Manta,Tratamiento,0
C01773,Minorista,Quito,Tratamiento,1
C00216,Mayorista,Guayaquil,Control,1
C01739,Minorista,Quito,Control,1
C00028,Minorista,Quito,Tratamiento,0
C01573,Mayorista,Quito,Control,1
C00526,Minorista,Loja,Tratamiento,0
C01651,Minorista,Quito,Tratamiento,0
C00947,Mayorista,Manta,Control,0
C00639,Minorista,Quito,Control,0
C00303,Mayorista,Manta,Control,0
C00719,Minorista,Quito,Tratamiento,0
C00692,Minorista,Cuenca,Tratamiento,0
C01717,Minorista,Cuenca,Tratamiento,0
C01224,Minorista,Guayaquil,Tratamiento,0
C00625,Minorista,Cuenca,Tratamiento,0
C00008,Minorista,Quito,Control,0
C00257,Mayorista,Guayaquil,Tratamiento,0
C00804,Mayorista,Quito,Control,1
C00026,Mayorista,Quito,Tratamiento,1
C00337,Minorista,Quito,Control,0
C00573,Minorista,Guayaquil,Tratamiento,0
C00048,Minorista,Guayaquil,Tratamiento,0
C01332,Minorista,Manta,Tratamiento,0
C00107,Minorista,Manta,Tratamiento,0
C00350,Minorista,Quito,Tratamiento,0
C00056,Minorista,Loja,Tratamiento,0
C00239,Minorista,Cuenca,Tratamiento,0
C00214,Minorista,Cuenca,Tratamiento,0
C00121,Minorista,Cuenca,Tratamiento,0
C01133,Minorista,Quito,Tratamiento,0
C01031,Mayorista,Cuenca,Control,1
C00794,Mayorista,Guayaquil,Control,0
C00073,Minorista,Cuenca,Tratamiento,1
C00923,Minorista,Guayaquil,Tratamiento,0
C00813,Mayorista,Guayaquil,Tratamiento,1
C01555,Minorista,Quito,Tratamiento,0
C00078,Minorista,Guayaquil,Tratamiento,0
C00945,Minorista,Cuenca,Tratamiento,0
C01297,Minorista,Loja,Tratamiento,0
C00046,Minorista,Guayaquil,Tratamiento,0
C01510,Minorista,Quito,Control,0
C00524,Minorista,Guayaquil,Tratamiento,0
C00233,Minorista,Loja,Tratamiento,0
C00645,Minorista,Quito,Control,0
C01323,Minorista,Cuenca,Control,0
C01359,Minorista,Guayaquil,Tratamiento,0
C01080,Minorista,Manta,Tratamiento,0
C00534,Minorista,Cuenca,Tratamiento,0
C01557,Minorista,Quito,Tratamiento,0
C01360,Minorista,Manta,Tratamiento,1
C00604,Mayorista,Quito,Control,0
C00466,Minorista,Quito,Control,0
C01533,Mayorista,Quito,Control,0
C00789,Minorista,Manta,Tratamiento,0
C01527,Minorista,Quito,Tratamiento,0
C01262,Mayorista,Guayaquil,Tratamiento,1
C01199,Minorista,Loja,Tratamiento,0
C00061,Mayorista,Guayaquil,Control,0
C01177,Mayorista,Loja,Control,1
C01714,Minorista,Guayaquil,Control,0
C00093,Minorista,Cuenca,Tratamiento,0
C00667,Mayorista,Guayaquil,Control,1
C00986,Minorista,Guayaquil,Control,0
C01674,Minorista,Quito,Tratamiento,1
C00195,Minorista,Quito,Tratamiento,0
C00281,Minorista,Cuenca,Tratamiento,0
C00696,Minorista,Guayaquil,Tratamiento,0
C00991,Minorista,Guayaquil,Tratamiento,0
C00360,Minorista,Loja,Control,0
C01560,Minorista,Quito,Tratamiento,1
C00520,Minorista,Manta,Control,0
C01294,Mayorista,Guayaquil,Control,0
C01205,Mayorista,Cuenca,Tratamiento,0
C01357,Minorista,Quito,Tratamiento,0
C01619,Minorista,Loja,Tratamiento,0
C00848,Minorista,Cuenca,Tratamiento,0
C00183,Minorista,Quito,Tratamiento,0
C01229,Minorista,Cuenca,Control,0
C01789,Mayorista,Cuenca,Control,0
C00111,Minorista,Manta,Tratamiento,1
C01103,Minorista,Cuenca,Tratamiento,0
C01335,Mayorista,Guayaquil,Control,1
C01107,Minorista,Loja,Tratamiento,0
C00043,Minorista,Guayaquil,Tratamiento,0
C00747,Minorista,Cuenca,Tratamiento,0
C00126,Minorista,Quito,Tratamiento,0
C00205,Mayorista,Quito,Control,0
C01308,Minorista,Manta,Control,0
C00053,Minorista,Quito,Tratamiento,0
C01402,Minorista,Manta,Tratamiento,0
C00546,Minorista,Quito,Control,0
C00069,Mayorista,Cuenca,Control,0
C01095,Minorista,Quito,Tratamiento,0
C01748,Minorista,Quito,Tratamiento,0
C00508,Minorista,Quito,Tratamiento,0
C01394,Minorista,Guayaquil,Tratamiento,0
C00330,Minorista,Quito,Tratamiento,0
C01048,Minorista,Loja,Tratamiento,0
C00184,Mayorista,Quito,Control,0
C00138,Minorista,Quito,Tratamiento,0
C00900,Minorista,Quito,Tratamiento,0
C00797,Minorista,Guayaquil,Tratamiento,1
C00133,Minorista,Guayaquil,Tratamiento,0
C00081,Mayorista,Manta,Control,1
C01451,Mayorista,Cuenca,Control,1
C00542,Minorista,Guayaquil,Tratamiento,0
C01668,Minorista,Quito,Control,0
C00984,Minorista,Manta,Tratamiento,0
C00166,Minorista,Guayaquil,Tratamiento,0
C00249,Minorista,Guayaquil,Control,0
C00447,Minorista,Guayaquil,Tratamiento,0
C01041,Minorista,Cuenca,Tratamiento,0
C00859,Mayorista,Quito,Control,0
C01097,Minorista,Quito,Tratamiento,0
C00098,Minorista,Cuenca,Tratamiento,0
C01774,Minorista,Guayaquil,Tratamiento,0
C00738,Minorista,Manta,Tratamiento,0
C01134,Minorista,Quito,Tratamiento,0
C00103,Minorista,Quito,Tratamiento,0
C00435,Minorista,Quito,Control,0
C00075,Minorista,Manta,Tratamiento,0
C01614,Minorista,Manta,Tratamiento,0
C01088,Minorista,Guayaquil,Control,0
C00919,Minorista,Guayaquil,Tratamiento,0
C01546,Mayorista,Guayaquil,Control,1
C01744,Minorista,Guayaquil,Tratamiento,0
C01551,Minorista,Loja,Tratamiento,1
C00763,Mayorista,Loja,Control,0
C00990,Minorista,Guayaquil,Tratamiento,0
C00389,Minorista,Quito,Control,0
C00236,Minorista,Quito,Tratamiento,0
C00268,Minorista,Guayaquil,Control,0
C01075,Mayorista,Cuenca,Control,0
C00118,Minorista,Quito,Tratamiento,0
C01449,Minorista,Guayaquil,Tratamiento,0
C00674,Minorista,Cuenca,Control,0
C00250,Minorista,Quito,Tratamiento,0
C01448,Minorista,Quito,Tratamiento,0
C00095,Minorista,Manta,Tratamiento,0
C00034,Minorista,Guayaquil,Tratamiento,0
C01318,Mayorista,Quito,Control,0
C01507,Minorista,Guayaquil,Tratamiento,0
C00449,Minorista,Quito,Control,0
C00717,Minorista,Guayaquil,Tratamiento,0
C01489,Minorista,Quito,Tratamiento,0
C01680,Mayorista,Loja,Tratamiento,0
C00001,Minorista,Guayaquil,Tratamiento,0
C01237,Minorista,Cuenca,Control,0
C00083,Minorista,Loja,Tratamiento,0
C01675,Minorista,Quito,Tratamiento,0
C00677,Minorista,Quito,Control,0
C01306,Minorista,Quito,Tratamiento,0
C01047,Mayorista,Cuenca,Control,1
C00771,Minorista,Manta,Tratamiento,0
C01101,Minorista,Loja,Control,0
C01169,Minorista,Manta,Tratamiento,0
C01426,Minorista,Guayaquil,Tratamiento,0
C01341,Minorista,Quito,Control,0
C00405,Minorista,Guayaquil,Control,0
C01559,Minorista,Guayaquil,Tratamiento,0
C01171,Minorista,Manta,Control,0
C00105,Minorista,Quito,Tratamiento,0
C00689,Minorista,Manta,Tratamiento,0
C01176,Minorista,Quito,Tratamiento,0
C00827,Minorista,Loja,Control,0
C00063,Mayorista,Quito,Tratamiento,1
C00853,Minorista,Quito,Control,0
C01587,Minorista,Quito,Tratamiento,0
C00224,Minorista,Guayaquil,Tratamiento,0
C00146,Minorista,Loja,Tratamiento,1
C01089,Mayorista,Cuenca,Control,0
C00374,Minorista,Guayaquil,Tratamiento,1
C01277,Minorista,Quito,Tratamiento,0
C01645,Minorista,Quito,Tratamiento,0
C01346,Minorista,Quito,Tratamiento,0
C01647,Minorista,Quito,Control,0
C01147,Minorista,Cuenca,Tratamiento,1
C00010,Minorista,Quito,Tratamiento,0
C00450,Mayorista,Guayaquil,Tratamiento,1
C00709,Mayorista,Quito,Control,1
C00256,Minorista,Manta,Tratamiento,0
C00883,Mayorista,Quito,Control,1
C00390,Minorista,Guayaquil,Tratamiento,0
C00909,Minorista,Guayaquil,Tratamiento,0
C00925,Mayorista,Guayaquil,Control,1
C01539,Minorista,Cuenca,Tratamiento,0
C01602,Minorista,Guayaquil,Control,0
C00461,Mayorista,Quito,Control,1
C01146,Minorista,Quito,Control,0
C00959,Minorista,Quito,Control,1
C00502,Minorista,Quito,Control,0
C00740,Minorista,Guayaquil,Tratamiento,0
C01665,Minorista,Quito,Tratamiento,0
C00869,Mayorista,Manta,Control,0
C00732,Mayorista,Guayaquil,Tratamiento,1
C00540,Minorista,Cuenca,Tratamiento,1
C00698,Minorista,Loja,Tratamiento,0
C01253,Minorista,Quito,Control,0
C01238,Minorista,Quito,Control,0
C01032,Minorista,Quito,Tratamiento,0
C00373,Minorista,Guayaquil,Tratamiento,1
C00668,Minorista,Cuenca,Tratamiento,0
C01375,Minorista,Guayaquil,Tratamiento,0
C00358,Minorista,Quito,Tratamiento,0
C00968,Minorista,Quito,Tratamiento,0
C00784,Minorista,Cuenca,Tratamiento,0
C00736,Minorista,Quito,Tratamiento,0
C01036,Minorista,Manta,Tratamiento,0
C00971,Minorista,Quito,Tratamiento,0
C01374,Minorista,Cuenca,Control,1
C01339,Mayorista,Guayaquil,Control,0
C01343,Minorista,Guayaquil,Control,0
C01746,Minorista,Guayaquil,Tratamiento,0
C01550,Minorista,Guayaquil,Tratamiento,0
C00886,Mayorista,Quito,Control,0
C00080,Minorista,Manta,Tratamiento,0
C00815,Minorista,Quito,Tratamiento,0
C01160,Minorista,Guayaquil,Tratamiento,0
C00672,Minorista,Quito,Tratamiento,0
C01381,Minorista,Quito,Tratamiento,0
C00058,Mayorista,Guayaquil,Tratamiento,0
C00134,Minorista,Quito,Tratamiento,1
C01141,Mayorista,Guayaquil,Tratamiento,0
C00934,Minorista,Manta,Tratamiento,0
C01576,Minorista,Cuenca,Tratamiento,1
C00824,Mayorista,Cuenca,Control,1
C00505,Minorista,Guayaquil,Control,0
C01632,Minorista,Cuenca,Tratamiento,0
C00348,Minorista,Quito,Control,0
C00387,Mayorista,Quito,Control,0
C01025,Minorista,Guayaquil,Tratamiento,0
C00895,Minorista,Manta,Tratamiento,0
C00829,Minorista,Loja,Tratamiento,1
C01700,Minorista,Quito,Tratamiento,0
C00476,Minorista,Manta,Tratamiento,0
C01325,Minorista,Loja,Tratamiento,0
C01601,Minorista,Guayaquil,Tratamiento,0
C00653,Minorista,Guayaquil,Tratamiento,1
C00173,Minorista,Guayaquil,Control,0
C01150,Minorista,Quito,Control,0
C00039,Minorista,Guayaquil,Tratamiento,0
C00714,Minorista,Cuenca,Tratamiento,0
C00091,Mayorista,Loja,Control,0
C01740,Mayorista,Guayaquil,Tratamiento,1
C00876,Minorista,Quito,Tratamiento,0
C01701,Minorista,Cuenca,Tratamiento,0
C01094,Minorista,Cuenca,Tratamiento,0
C01156,Minorista,Quito,Tratamiento,0
C01536,Minorista,Manta,Control,0
C01759,Minorista,Guayaquil,Tratamiento,0
C00500,Mayorista,Quito,Control,0
C00339,Minorista,Manta,Tratamiento,0
C00029,Minorista,Manta,Tratamiento,0
C01191,Minorista,Quito,Control,0
C01792,Minorista,Guayaquil,Control,0
C00946,Minorista,Guayaquil,Tratamiento,0
C00170,Mayorista,Manta,Tratamiento,0
C00913,Minorista,Quito,Tratamiento,0
C00492,Minorista,Manta,Tratamiento,0
C00954,Mayorista,Quito,Control,0
C01098,Minorista,Quito,Tratamiento,0
C01033,Minorista,Manta,Control,0
C00588,Minorista,Guayaquil,Tratamiento,0
C00751,Minorista,Loja,Tratamiento,0
C00658,Minorista,Guayaquil,Tratamiento,0
C00235,Minorista,Guayaquil,Control,0
C00733,Mayorista,Quito,Tratamiento,0
C01473,Minorista,Manta,Tratamiento,0
C01157,Minorista,Quito,Control,0
C01324,Minorista,Manta,Tratamiento,0
C01469,Minorista,Cuenca,Control,0
C00935,Minorista,Cuenca,Tratamiento,0
C01066,Minorista,Quito,Tratamiento,0
C00109,Minorista,Quito,Tratamiento,0
C01390,Minorista,Guayaquil,Tratamiento,0
C00569,Minorista,Quito,Tratamiento,0
C01168,Minorista,Quito,Tratamiento,0
C01175,Minorista,Guayaquil,Tratamiento,0
C00891,Minorista,Guayaquil,Tratamiento,0
C00948,Minorista,Guayaquil,Tratamiento,0
C01049,Minorista,Quito,Tratamiento,0
C01215,Minorista,Guayaquil,Tratamiento,0
C01233,Minorista,Manta,Tratamiento,0
C01302,Minorista,Manta,Tratamiento,1
C00885,Mayorista,Quito,Control,0
C01511,Minorista,Quito,Tratamiento,0
C00851,Minorista,Quito,Tratamiento,1
C00735,Mayorista,Guayaquil,Control,1
C00718,Minorista,Quito,Control,0
C00455,Minorista,Guayaquil,Tratamiento,0
C00265,Minorista,Quito,Control,1
C00076,Minorista,Quito,Tratamiento,0
C00445,Minorista,Cuenca,Tratamiento,0
C00396,Minorista,Guayaquil,Tratamiento,0
C00177,Minorista,Quito,Tratamiento,0
C01043,Minorista,Loja,Tratamiento,0
C01566,Minorista,Quito,Control,0
C01260,Minorista,Guayaquil,Tratamiento,0
C01241,Minorista,Guayaquil,Tratamiento,0
C00596,Minorista,Quito,Tratamiento,0
C00062,Minorista,Guayaquil,Tratamiento,0
C00873,Minorista,Guayaquil,Control,0
C01342,Minorista,Cuenca,Tratamiento,0
C01690,Mayorista,Cuenca,Control,1
C00279,Minorista,Guayaquil,Control,0
C00037,Minorista,Guayaquil,Tratamiento,0
C01366,Minorista,Manta,Tratamiento,0
C00663,Minorista,Manta,Tratamiento,0
C01626,Mayorista,Loja,Control,0
C01300,Minorista,Cuenca,Tratamiento,0
C00978,Minorista,Quito,Control,0
C01417,Mayorista,Guayaquil,Control,1
C00739,Minorista,Quito,Tratamiento,0
C00192,Minorista,Manta,Control,0
C00920,Minorista,Loja,Tratamiento,0
C00457,Minorista,Loja,Tratamiento,0
C00676,Minorista,Quito,Tratamiento,0
C00761,Mayorista,Cuenca,Control,0
C01627,Mayorista,Manta,Control,0
C00729,Minorista,Manta,Control,0
C00413,Minorista,Guayaquil,Tratamiento,0
C01099,Minorista,Manta,Tratamiento,0
C00826,Minorista,Manta,Tratamiento,0
C01348,Minorista,Quito,Tratamiento,0
C00617,Mayorista,Manta,Control,1
C00115,Minorista,Loja,Tratamiento,0
C00418,Minorista,Guayaquil,Control,0
C01715,Minorista,Guayaquil,Control,0
C00970,Minorista,Manta,Control,0
C00605,Minorista,Manta,Control,0
C01722,Minorista,Guayaquil,Tratamiento,1
C00090,Minorista,Guayaquil,Tratamiento,0
C00849,Minorista,Quito,Control,0
C01526,Minorista,Cuenca,Tratamiento,0
C01721,Minorista,Guayaquil,Tratamiento,0
C00754,Minorista,Quito,Control,0
C00499,Minorista,Guayaquil,Control,0
C00012,Minorista,Quito,Control,0
C00397,Minorista,Quito,Tratamiento,0
C00285,Minorista,Quito,Control,0
C01067,Mayorista,Quito,Control,1
C01192,Minorista,Manta,Control,0
C00691,Mayorista,Quito,Control,1
C01472,Minorista,Guayaquil,Tratamiento,1
C01687,Minorista,Manta,Tratamiento,0
C00690,Minorista,Guayaquil,Tratamiento,0
C00852,Minorista,Manta,Tratamiento,0
C00160,Minorista,Guayaquil,Tratamiento,1
C00896,Minorista,Cuenca,Tratamiento,0
C01421,Minorista,Guayaquil,Tratamiento,0
C00258,Minorista,Cuenca,Tratamiento,0
C00336,Minorista,Quito,Control,0
C01691,Minorista,Guayaquil,Tratamiento,0
C01040,Minorista,Guayaquil,Tratamiento,1
C00516,Minorista,Manta,Tratamiento,0
C01016,Minorista,Cuenca,Control,0
C00769,Mayorista,Guayaquil,Control,1
C01575,Mayorista,Guayaquil,Control,0
C00762,Minorista,Quito,Tratamiento,0
C01247,Minorista,Loja,Tratamiento,0
C01204,Mayorista,Guayaquil,Tratamiento,0
C01513,Minorista,Quito,Tratamiento,0
C01784,Minorista,Quito,Tratamiento,0
C00522,Minorista,Cuenca,Tratamiento,0
C00023,Mayorista,Manta,Control,0
C00357,Minorista,Quito,Tratamiento,0
C01278,Minorista,Guayaquil,Tratamiento,0
C01520,Minorista,Loja,Tratamiento,0
C00341,Minorista,Manta,Tratamiento,0
C00432,Minorista,Quito,Tratamiento,0
C00474,Mayorista,Quito,Tratamiento,0
C00218,Minorista,Manta,Control,0
C00912,Minorista,Loja,Tratamiento,0
C01228,Minorista,Quito,Tratamiento,0
C01554,Minorista,Cuenca,Tratamiento,1
C01012,Minorista,Manta,Tratamiento,0
C01751,Minorista,Guayaquil,Tratamiento,0
C00094,Mayorista,Manta,Control,1
C01009,Minorista,Guayaquil,Control,0
C01071,Minorista,Quito,Tratamiento,0
C01093,Mayorista,Quito,Control,1
C01624,Mayorista,Cuenca,Control,0
C00697,Minorista,Guayaquil,Tratamiento,0
C01615,Minorista,Loja,Tratamiento,0
C00997,Minorista,Manta,Tratamiento,1
C00154,Minorista,Manta,Tratamiento,1
C01100,Minorista,Guayaquil,Tratamiento,0
C01553,Minorista,Cuenca,Tratamiento,0
C01798,Minorista,Quito,Tratamiento,0
C00790,Minorista,Guayaquil,Tratamiento,0
C00581,Minorista,Loja,Tratamiento,0
C00704,Minorista,Quito,Tratamiento,0
C01213,Minorista,Guayaquil,Tratamiento,0
C01296,Minorista,Guayaquil,Control,0
C01505,Minorista,Quito,Tratamiento,0
C01261,Minorista,Quito,Tratamiento,0
C00488,Minorista,Manta,Control,0
C00560,Minorista,Quito,Control,0
C01142,Minorista,Loja,Tratamiento,0
C01120,Minorista,Guayaquil,Tratamiento,0
C00802,Minorista,Quito,Tratamiento,0
C00513,Minorista,Guayaquil,Tratamiento,0
C00634,Minorista,Guayaquil,Tratamiento,0
C01331,Minorista,Guayaquil,Tratamiento,0
C01610,Minorista,Quito,Tratamiento,0
C01151,Minorista,Guayaquil,Control,0
C00791,Mayorista,Quito,Tratamiento,1
C00117,Minorista,Quito,Tratamiento,0
C00741,Minorista,Quito,Tratamiento,1
C01082,Minorista,Manta,Control,0
C00831,Mayorista,Quito,Control,1
C00120,Minorista,Quito,Tratamiento,0
C00657,Minorista,Quito,Tratamiento,0
C01712,Mayorista,Guayaquil,Control,1
C00636,Minorista,Quito,Tratamiento,0
C00370,Mayorista,Loja,Control,0
C00269,Mayorista,Guayaquil,Control,0
C00656,Minorista,Manta,Control,0
C00936,Minorista,Loja,Tratamiento,1
C00823,Minorista,Quito,Tratamiento,0
C00867,Minorista,Quito,Tratamiento,0
C00047,Mayorista,Quito,Control,1
C01543,Mayorista,Guayaquil,Control,1
C00992,Minorista,Guayaquil,Tratamiento,0
C00877,Minorista,Quito,Tratamiento,0
C00774,Mayorista,Cuenca,Tratamiento,1
C01220,Minorista,Guayaquil,Tratamiento,0
C01800,Minorista,Quito,Tratamiento,0
C00005,Minorista,Cuenca,Tratamiento,0
C01004,Minorista,Quito,Tratamiento,0
C01556,Minorista,Guayaquil,Control,0
C00264,Minorista,Guayaquil,Tratamiento,0
C01415,Minorista,Loja,Tratamiento,0
C01648,Minorista,Manta,Tratamiento,0
C00444,Minorista,Cuenca,Tratamiento,0
C01003,Minorista,Guayaquil,Tratamiento,1
C01078,Minorista,Quito,Control,0
C00838,Minorista,Quito,Control,0
C01613,Mayorista,Cuenca,Control,1
C00305,Minorista,Quito,Tratamiento,0
C01403,Minorista,Guayaquil,Control,0
C00314,Minorista,Quito,Tratamiento,0
C00150,Mayorista,Guayaquil,Control,0
C01149,Minorista,Quito,Tratamiento,0
C01214,Mayorista,Quito,Tratamiento,1
C00575,Minorista,Manta,Tratamiento,1
C00051,Minorista,Guayaquil,Tratamiento,0
C01606,Mayorista,Quito,Tratamiento,1
C00727,Minorista,Guayaquil,Tratamiento,0
C00834,Minorista,Quito,Tratamiento,0
C01116,Minorista,Manta,Tratamiento,0
C01167,Mayorista,Guayaquil,Control,1
C00471,Minorista,Guayaquil,Tratamiento,1
C00972,Minorista,Guayaquil,Tratamiento,1
C00654,Minorista,Quito,Tratamiento,0
C00400,Mayorista,Guayaquil,Control,1
C00512,Minorista,Loja,Tratamiento,0
C00321,Minorista,Manta,Control,0
C00020,Minorista,Guayaquil,Tratamiento,0
C00685,Minorista,Guayaquil,Tratamiento,0
C00036,Minorista,Quito,Tratamiento,0
C00903,Minorista,Cuenca,Tratamiento,0
C00828,Mayorista,Loja,Tratamiento,0
C01618,Minorista,Guayaquil,Control,0
C00408,Minorista,Cuenca,Tratamiento,0
C00921,Minorista,Quito,Tratamiento,0
C00538,Mayorista,Loja,Control,0
C00759,Mayorista,Manta,Control,0
C01063,Mayorista,Manta,Control,0
C01200,Minorista,Guayaquil,Control,0
C00246,Mayorista,Cuenca,Tratamiento,1
C01128,Minorista,Quito,Tratamiento,0
C00785,Minorista,Quito,Tratamiento,0
C00490,Mayorista,Manta,Control,0
C00155,Mayorista,Cuenca,Tratamiento,1
C00962,Minorista,Manta,Tratamiento,0
C00854,Minorista,Quito,Tratamiento,0
C01312,Minorista,Guayaquil,Tratamiento,0
C00626,Minorista,Manta,Control,1
C00686,Minorista,Guayaquil,Tratamiento,0
C01407,Minorista,Cuenca,Tratamiento,1
C00570,Minorista,Manta,Tratamiento,0
C01713,Minorista,Guayaquil,Tratamiento,0
C00018,Minorista,Cuenca,Tratamiento,0
C00128,Minorista,Cuenca,Tratamiento,0
C01347,Minorista,Quito,Tratamiento,0
C01280,Minorista,Quito,Tratamiento,0
C01769,Minorista,Loja,Tratamiento,0
C00928,Minorista,Quito,Tratamiento,0
C00981,Minorista,Cuenca,Tratamiento,0
C01765,Minorista,Manta,Tratamiento,0
C00191,Minorista,Guayaquil,Tratamiento,0
C01140,Minorista,Guayaquil,Tratamiento,0
C00993,Minorista,Quito,Tratamiento,0
C01756,Mayorista,Quito,Control,1
C01579,Mayorista,Manta,Control,0
C00607,Mayorista,Quito,Control,1
C00181,Mayorista,Quito,Tratamiento,0
C00302,Minorista,Quito,Tratamiento,0
C00497,Minorista,Guayaquil,Tratamiento,0
C01531,Mayorista,Guayaquil,Control,0
C01544,Minorista,Guayaquil,Control,0
C01711,Mayorista,Quito,Control,0
C01794,Minorista,Guayaquil,Tratamiento,0
C00518,Mayorista,Loja,Control,0
C01785,Minorista,Guayaquil,Tratamiento,0
C01070,Minorista,Quito,Tratamiento,1
C00477,Mayorista,Guayaquil,Control,1
C00158,Mayorista,Guayaquil,Control,0
C01244,Minorista,Cuenca,Tratamiento,0
C01196,Minorista,Guayaquil,Tratamiento,0
C00017,Minorista,Loja,Tratamiento,0
C01073,Mayorista,Cuenca,Control,1
C01772,Mayorista,Quito,Control,1
C00547,Minorista,Quito,Tratamiento,0
C00659,Minorista,Guayaquil,Tratamiento,0
C01467,Minorista,Quito,Tratamiento,0
C01020,Mayorista,Quito,Tratamiento,1
C01502,Minorista,Quito,Control,0
C00960,Minorista,Quito,Tratamiento,0
C01693,Minorista,Guayaquil,Control,0
C00284,Minorista,Cuenca,Tratamiento,0
C00798,Minorista,Quito,Control,0
C01468,Minorista,Quito,Control,0
C00226,Minorista,Quito,Tratamiento,0
C00027,Minorista,Guayaquil,Control,0
C01595,Minorista,Manta,Tratamiento,0
C00438,Minorista,Quito,Tratamiento,1
C01750,Mayorista,Quito,Tratamiento,0
C01389,Mayorista,Guayaquil,Tratamiento,0
C00230,Minorista,Quito,Tratamiento,0
C00038,Minorista,Quito,Tratamiento,0
C00750,Minorista,Cuenca,Control,0
C01046,Minorista,Quito,Tratamiento,0
C01399,Minorista,Quito,Tratamiento,0
C00470,Minorista,Quito,Tratamiento,0
C01528,Minorista,Manta,Tratamiento,0
C01768,Minorista,Manta,Control,0
C00688,Minorista,Quito,Tratamiento,1
C01659,Minorista,Guayaquil,Control,0
C00640,Mayorista,Quito,Control,1
C01547,Minorista,Cuenca,Tratamiento,0
C01219,Minorista,Loja,Tratamiento,0
C01159,Mayorista,Quito,Control,0
C01416,Minorista,Quito,Tratamiento,0
C01495,Mayorista,Quito,Control,0
C01301,Mayorista,Quito,Control,1
C01641,Minorista,Manta,Tratamiento,0
C00801,Minorista,Quito,Tratamiento,0
C00161,Minorista,Guayaquil,Tratamiento,1
C00957,Minorista,Cuenca,Control,0
C01187,Minorista,Guayaquil,Control,0
C00822,Minorista,Quito,Tratamiento,0
C01519,Mayorista,Quito,Control,0
C00878,Minorista,Loja,Tratamiento,0
C00914,Mayorista,Quito,Control,0
C00153,Minorista,Quito,Tratamiento,0
C01653,Minorista,Cuenca,Tratamiento,0
C00510,Minorista,Cuenca,Control,1
C01136,Minorista,Manta,Tratamiento,0
C01251,Minorista,Guayaquil,Tratamiento,0
C01503,Minorista,Quito,Control,0
C00104,Minorista,Loja,Tratamiento,0
C01446,Minorista,Guayaquil,Tratamiento,0
C01444,Mayorista,Quito,Tratamiento,1
C00587,Minorista,Cuenca,Tratamiento,0
C01593,Minorista,Guayaquil,Control,0
C01144,Mayorista,Quito,Control,0
C00054,Minorista,Guayaquil,Tratamiento,0
C00152,Minorista,Quito,Tratamiento,0
C00404,Mayorista,Cuenca,Tratamiento,1
C01745,Mayorista,Loja,Control,1
C00208,Mayorista,Manta,Control,1
C01702,Minorista,Manta,Tratamiento,0
C01123,Minorista,Guayaquil,Tratamiento,0
C01635,Mayorista,Quito,Control,0
C00009,Minorista,Guayaquil,Control,0
C01015,Mayorista,Quito,Control,0
C01617,Minorista,Guayaquil,Control,0
C01061,Mayorista,Manta,Tratamiento,1
C00453,Minorista,Manta,Tratamiento,0
C00254,Mayorista,Quito,Control,0
C01328,Minorista,Quito,Tratamiento,0
C00897,Minorista,Guayaquil,Tratamiento,0
C01564,Minorista,Quito,Tratamiento,0
C00881,Minorista,Quito,Tratamiento,0
C01697,Minorista,Quito,Control,0
C00624,Minorista,Loja,Control,0
C00346,Minorista,Cuenca,Tratamiento,0
C01538,Minorista,Guayaquil,Tratamiento,0
C00263,Minorista,Quito,Tratamiento,0
C01322,Minorista,Manta,Control,0
C01439,Mayorista,Quito,Control,1
C00151,Minorista,Cuenca,Tratamiento,0
C00473,Minorista,Guayaquil,Control,0
C00641,Mayorista,Quito,Control,0
C01783,Minorista,Manta,Tratamiento,0
C01694,Minorista,Quito,Control,0
C00551,Minorista,Cuenca,Tratamiento,0
C00929,Minorista,Quito,Tratamiento,0
C00489,Minorista,Guayaquil,Tratamiento,0
C01631,Minorista,Guayaquil,Tratamiento,0
C01172,Minorista,Guayaquil,Tratamiento,0
C00147,Minorista,Guayaquil,Tratamiento,0
C01732,Minorista,Guayaquil,Tratamiento,0
C00403,Minorista,Guayaquil,Tratamiento,0
C00955,Minorista,Cuenca,Tratamiento,0
C01689,Minorista,Guayaquil,Tratamiento,0
C00660,Mayorista,Quito,Control,0
C01373,Minorista,Quito,Tratamiento,0
C00464,Minorista,Guayaquil,Control,0
C01350,Mayorista,Quito,Control,0
C00187,Mayorista,Guayaquil,Control,0
C01148,Mayorista,Quito,Tratamiento,1
C01225,Minorista,Loja,Tratamiento,0
C00609,Minorista,Guayaquil,Tratamiento,0
C00144,Minorista,Quito,Tratamiento,0
C00752,Mayorista,Guayaquil,Control,1
C01535,Minorista,Guayaquil,Control,0
C00982,Mayorista,Quito,Control,0
C00198,Minorista,Guayaquil,Control,0
C00884,Minorista,Quito,Control,0
C00280,Mayorista,Cuenca,Control,0
C00294,Mayorista,Guayaquil,Control,0
C01642,Mayorista,Quito,Control,1
C00401,Minorista,Quito,Tratamiento,0
C00123,Minorista,Guayaquil,Control,0
C01208,Minorista,Quito,Tratamiento,0
C00203,Minorista,Quito,Tratamiento,0
C01463,Minorista,Quito,Tratamiento,0
C00836,Minorista,Guayaquil,Control,0
C00247,Mayorista,Manta,Control,0
C01440,Minorista,Quito,Control,0
C01708,Minorista,Manta,Tratamiento,0
C01692,Minorista,Quito,Tratamiento,0
C01154,Minorista,Manta,Control,0
C01427,Minorista,Cuenca,Control,0
C00385,Minorista,Guayaquil,Tratamiento,0
C01584,Minorista,Quito,Tratamiento,0
C00855,Mayorista,Manta,Control,1
C00220,Minorista,Guayaquil,Control,0
C00642,Mayorista,Guayaquil,Control,0
C00002,Mayorista,Quito,Control,1
C00113,Minorista,Quito,Tratamiento,0
C00699,Minorista,Quito,Control,0
C01719,Minorista,Cuenca,Tratamiento,0
C00952,Minorista,Guayaquil,Tratamiento,0
C01577,Minorista,Quito,Tratamiento,0
C01411,Minorista,Guayaquil,Tratamiento,0
C01410,Minorista,Manta,Tratamiento,0
C01534,Mayorista,Quito,Control,1
C01292,Minorista,Guayaquil,Tratamiento,0
C01628,Mayorista,Quito,Control,0
C00442,Minorista,Cuenca,Tratamiento,0
C01521,Minorista,Quito,Tratamiento,0
C01137,Minorista,Guayaquil,Tratamiento,0
C01257,Minorista,Guayaquil,Tratamiento,0
C01677,Minorista,Quito,Tratamiento,0
C01398,Minorista,Guayaquil,Tratamiento,0
C00664,Minorista,Quito,Tratamiento,0
C01652,Minorista,Guayaquil,Tratamiento,0
C01258,Mayorista,Loja,Tratamiento,0
C01611,Minorista,Cuenca,Control,0
C00318,Minorista,Loja,Tratamiento,0
C00649,Minorista,Cuenca,Control,0
C01435,Minorista,Guayaquil,Tratamiento,0
C01480,Minorista,Quito,Control,1
C00710,Minorista,Quito,Tratamiento,1
C01383,Minorista,Quito,Control,0
C01283,Minorista,Quito,Tratamiento,0
C00973,Minorista,Cuenca,Tratamiento,0
C00628,Minorista,Cuenca,Control,0
C00633,Minorista,Loja,Tratamiento,0
C01307,Minorista,Quito,Control,0
C01401,Minorista,Guayaquil,Tratamiento,0
C01409,Mayorista,Guayaquil,Control,0
C01249,Minorista,Manta,Tratamiento,1
C01754,Minorista,Quito,Control,0
C01255,Minorista,Manta,Control,0
C01497,Minorista,Quito,Tratamiento,0
C01372,Minorista,Loja,Tratamiento,0
C01530,Minorista,Quito,Tratamiento,0
C01355,Minorista,Quito,Tratamiento,0
C01729,Minorista,Guayaquil,Tratamiento,0
C01707,Minorista,Cuenca,Tratamiento,0
C01664,Mayorista,Guayaquil,Control,0
C00796,Minorista,Loja,Tratamiento,0
C00646,Minorista,Quito,Tratamiento,0
C01013,Minorista,Quito,Control,0
C01655,Minorista,Quito,Tratamiento,0
C00557,Minorista,Quito,Tratamiento,0
C00682,Minorista,Quito,Control,0
C00578,Minorista,Quito,Tratamiento,0
C01110,Minorista,Quito,Control,0
C01267,Minorista,Quito,Control,1
C01184,Minorista,Loja,Control,0
C00525,Mayorista,Cuenca,Control,0
C01060,Minorista,Cuenca,Control,0
C00541,Minorista,Quito,Control,0
C01195,Minorista,Guayaquil,Tratamiento,0
C00749,Minorista,Guayaquil,Tratamiento,0
C01667,Minorista,Manta,Tratamiento,0
C01431,Minorista,Loja,Tratamiento,0
C00485,Minorista,Manta,Tratamiento,0
C00096,Mayorista,Guayaquil,Tratamiento,0
C01021,Minorista,Guayaquil,Tratamiento,0
C00564,Minorista,Guayaquil,Tratamiento,1
C01265,Minorista,Manta,Tratamiento,0
C00743,Minorista,Quito,Tratamiento,0
C00864,Minorista,Guayaquil,Tratamiento,0
C01599,Minorista,Quito,Control,0
C01485,Minorista,Guayaquil,Tratamiento,0
C00892,Minorista,Guayaquil,Tratamiento,0
C01578,Minorista,Manta,Control,0
C01039,Minorista,Guayaquil,Control,0
C00207,Minorista,Quito,Tratamiento,0
C00393,Minorista,Guayaquil,Tratamiento,1
C00795,Mayorista,Guayaquil,Control,1
C00871,Minorista,Guayaquil,Tratamiento,1
C00398,Minorista,Quito,Control,0
C00767,Minorista,Manta,Tratamiento,0
C01657,Minorista,Loja,Tratamiento,0
C01242,Minorista,Quito,Tratamiento,0
C01029,Minorista,Quito,Tratamiento,0
C00643,Minorista,Guayaquil,Tratamiento,0
C01699,Mayorista,Manta,Control,1
C00613,Minorista,Quito,Tratamiento,0
C00961,Minorista,Cuenca,Tratamiento,0
C01571,Mayorista,Manta,Control,0
C00726,Minorista,Loja,Tratamiento,0
C00684,Minorista,Quito,Tratamiento,0
C00099,Mayorista,Cuenca,Control,1
C00805,Minorista,Loja,Control,0
C01598,Minorista,Quito,Control,0
C00407,Minorista,Quito,Tratamiento,0
C00503,Minorista,Quito,Control,0
C01072,Minorista,Guayaquil,Tratamiento,0
C01057,Minorista,Manta,Tratamiento,0
C00930,Minorista,Cuenca,Tratamiento,0
C00780,Mayorista,Manta,Control,0
C00201,Minorista,Quito,Tratamiento,0
C00135,Minorista,Guayaquil,Tratamiento,0
C01052,Minorista,Quito,Tratamiento,0
C00041,Minorista,Quito,Tratamiento,0
C01018,Minorista,Quito,Tratamiento,0
C00231,Minorista,Cuenca,Tratamiento,0
C01514,Minorista,Manta,Tratamiento,0
C00379,Minorista,Cuenca,Tratamiento,0
C00289,Minorista,Quito,Tratamiento,0
C00419,Minorista,Cuenca,Tratamiento,0
C00392,Mayorista,Guayaquil,Tratamiento,1
C00593,Mayorista,Quito,Control,1
C01523,Minorista,Guayaquil,Control,0
C01163,Minorista,Loja,Tratamiento,0
C01087,Mayorista,Cuenca,Control,0
C01496,Mayorista,Guayaquil,Tratamiento,1
C00648,Mayorista,Quito,Control,0
C01153,Minorista,Quito,Control,0
C01368,Minorista,Quito,Control,0
C00521,Minorista,Quito,Tratamiento,0
C00065,Minorista,Manta,Tratamiento,0
C00015,Minorista,Cuenca,Tratamiento,0
C01181,Minorista,Loja,Control,0
C01065,Minorista,Manta,Tratamiento,1
C00493,Minorista,Quito,Tratamiento,0
C00380,Minorista,Guayaquil,Tratamiento,0
C00188,Minorista,Cuenca,Tratamiento,0
C00764,Mayorista,Quito,Tratamiento,1
C00217,Mayorista,Guayaquil,Control,0
C00792,Minorista,Guayaquil,Tratamiento,0
C01077,Minorista,Quito,Tratamiento,0
C00879,Mayorista,Guayaquil,Control,1
C00338,Mayorista,Guayaquil,Control,0
C00720,Minorista,Cuenca,Tratamiento,0
C00296,Mayorista,Cuenca,Control,0
C01017,Mayorista,Manta,Control,0
C01276,Minorista,Guayaquil,Tratamiento,0
C01486,Mayorista,Guayaquil,Control,1
C00456,Minorista,Manta,Tratamiento,0
C01797,Minorista,Cuenca,Tratamiento,0
C00816,Minorista,Quito,Tratamiento,0
C00270,Minorista,Cuenca,Control,0
C00996,Minorista,Loja,Tratamiento,0
C00202,Minorista,Guayaquil,Tratamiento,0
C00162,Minorista,Quito,Tratamiento,0
C01580,Minorista,Manta,Control,0
C00730,Minorista,Manta,Tratamiento,0
C00402,Minorista,Guayaquil,Control,1
C00703,Minorista,Guayaquil,Tratamiento,0
C01501,Mayorista,Guayaquil,Control,0
C01130,Mayorista,Quito,Control,1
C00566,Minorista,Cuenca,Tratamiento,0
C01414,Mayorista,Cuenca,Control,1
C01022,Mayorista,Loja,Control,0
C01026,Minorista,Guayaquil,Tratamiento,0
C01412,Minorista,Quito,Tratamiento,0
C01586,Minorista,Cuenca,Tratamiento,0
C01105,Mayorista,Guayaquil,Control,1
C00206,Minorista,Loja,Tratamiento,0
C00035,Minorista,Guayaquil,Tratamiento,1
C00776,Minorista,Cuenca,Tratamiento,0
C00509,Mayorista,Quito,Control,0
C01452,Minorista,Manta,Control,0
C01479,Minorista,Guayaquil,Tratamiento,0
C01771,Minorista,Quito,Tratamiento,0
C01391,Minorista,Loja,Tratamiento,0
C00092,Minorista,Manta,Tratamiento,0
C01364,Mayorista,Manta,Control,1
C00898,Minorista,Quito,Tratamiento,0
C00565,Minorista,Manta,Control,0
C01370,Minorista,Quito,Tratamiento,0
C00777,Minorista,Guayaquil,Tratamiento,0
C00242,Minorista,Guayaquil,Control,1
C00014,Minorista,Manta,Tratamiento,0
C00316,Mayorista,Cuenca,Tratamiento,1
C00601,Mayorista,Loja,Tratamiento,0
C00388,Mayorista,Quito,Control,0
C01298,Minorista,Loja,Tratamiento,0
C00167,Mayorista,Quito,Control,1
C00841,Minorista,Manta,Control,0
C00021,Minorista,Quito,Control,0
C00647,Minorista,Guayaquil,Tratamiento,0
C01509,Mayorista,Cuenca,Control,0
C01155,Mayorista,Quito,Control,0
C01529,Minorista,Quito,Tratamiento,0
C00832,Minorista,Quito,Control,1
C01268,Minorista,Manta,Tratamiento,1
C01591,Mayorista,Guayaquil,Control,1
C00563,Minorista,Quito,Tratamiento,0
C01753,Minorista,Cuenca,Tratamiento,0
C00687,Mayorista,Manta,Control,0
C00958,Minorista,Quito,Control,0
C00190,Mayorista,Quito,Control,0
C00976,Minorista,Quito,Tratamiento,0
C00700,Minorista,Manta,Control,0
C01500,Minorista,Quito,Tratamiento,0
C01706,Mayorista,Quito,Control,0
C00511,Minorista,Guayaquil,Tratamiento,0
C01083,Minorista,Quito,Tratamiento,0
C00475,Minorista,Quito,Tratamiento,0
C01585,Minorista,Guayaquil,Control,0
C00857,Minorista,Guayaquil,Tratamiento,0
C00748,Minorista,Cuenca,Tratamiento,1
C00253,Mayorista,Loja,Control,1
C00022,Mayorista,Quito,Control,0
C01338,Minorista,Quito,Tratamiento,1
C00460,Mayorista,Guayaquil,Control,0
C01185,Mayorista,Guayaquil,Control,0
C00277,Minorista,Quito,Control,0
C00956,Minorista,Cuenca,Tratamiento,1
C01216,Mayorista,Cuenca,Tratamiento,0
C00386,Minorista,Quito,Tratamiento,0
C00806,Mayorista,Quito,Control,1
C01438,Minorista,Cuenca,Tratamiento,1
C01516,Minorista,Cuenca,Control,0
C00344,Minorista,Loja,Tratamiento,0
C00770,Minorista,Cuenca,Tratamiento,0
C01333,Minorista,Loja,Tratamiento,0
C01686,Minorista,Guayaquil,Tratamiento,0
C00131,Minorista,Quito,Tratamiento,0
C01688,Minorista,Guayaquil,Tratamiento,0
C00872,Minorista,Guayaquil,Tratamiento,0
C01124,Minorista,Cuenca,Tratamiento,0
C01397,Minorista,Quito,Control,0
C00088,Minorista,Quito,Tratamiento,0
C01483,Minorista,Guayaquil,Control,0
C00331,Mayorista,Cuenca,Tratamiento,0
C01239,Minorista,Manta,Tratamiento,0
C00467,Minorista,Manta,Tratamiento,0
C00122,Minorista,Quito,Tratamiento,0
C01639,Minorista,Quito,Tratamiento,0
C01045,Minorista,Guayaquil,Tratamiento,0
C01725,Minorista,Guayaquil,Tratamiento,1
C01096,Minorista,Quito,Tratamiento,0
C01131,Minorista,Guayaquil,Control,0
C01295,Minorista,Quito,Tratamiento,0
C00861,Minorista,Manta,Tratamiento,0
C01460,Mayorista,Quito,Tratamiento,1
C01127,Minorista,Guayaquil,Tratamiento,1
